{
    "H2O": 49.92261996327816,
    "H2": 49.92261963822534,
    "O2": 1.886139408771724e-17,
    "H": 6.044309073707521e-07,
    "O": 3.587391991369684e-17,
    "OH": 2.6924429737692876e-09,
    "T": 1100,
    "Concentration H": 199.69047975637758,
    "Concentration O": 49.922619939094396
}