{
    "H2O": 49.9226199327962,
    "H2": 49.922617747999354,
    "O2": 1.6046970863787553e-15,
    "H": 4.417393108130041e-06,
    "O": 3.1810446076858553e-15,
    "OH": 3.5202825183150885e-08,
    "T": 1200,
    "Concentration H": 199.69047975637758,
    "Concentration O": 49.922619939094396
}