{
    "H2O": 49.92262250923562,
    "H2": 49.92260819608088,
    "O2": 6.898848759427277e-14,
    "H": 2.3795706220753086e-05,
    "O": 1.4144822055206815e-13,
    "OH": 3.0967853618682745e-07,
    "T": 1300,
    "Concentration H": 199.69047975637758,
    "Concentration O": 49.922619939094396
}