{
    "H2O": 49.922617944184786,
    "H2": 49.92257052968907,
    "O2": 1.7336784831112905e-12,
    "H": 0.00010082390204732077,
    "O": 3.654864363744994e-12,
    "OH": 1.9949026868228853e-06,
    "T": 1400,
    "Concentration H": 199.69047975637758,
    "Concentration O": 49.922619939094396
}