{
    "H2O": 49.92260992509342,
    "H2": 49.92244871264084,
    "O2": 2.8331292063145795e-11,
    "H": 0.00035254570535943715,
    "O": 6.114888632022304e-11,
    "OH": 1.0013883019452827e-05,
    "T": 1500,
    "Concentration H": 199.69047975637758,
    "Concentration O": 49.922619939094396
}