{
    "H2O": 49.922578903200076,
    "H2": 49.922113208694526,
    "O2": 3.262550103383444e-10,
    "H": 0.0010544981769376259,
    "O": 7.185273773991466e-10,
    "OH": 4.103452323951789e-05,
    "T": 1600,
    "Concentration H": 199.69047975637758,
    "Concentration O": 49.922619939094396
}