{
    "H2O": 49.92247763017131,
    "H2": 49.92130469464077,
    "O2": 2.815180900687779e-09,
    "H": 0.002772809895670957,
    "O": 6.309955228471342e-09,
    "OH": 0.00014229698260533353,
    "T": 1700,
    "Concentration H": 199.69047975637758,
    "Concentration O": 49.922619939094396
}