{
    "H2O": 49.92219057389908,
    "H2": 49.91957218880818,
    "O2": 1.9100628346183832e-08,
    "H": 0.006548488587808917,
    "O": 4.347579075340155e-08,
    "OH": 0.0004292835435441701,
    "T": 1800,
    "Concentration H": 199.69047975637758,
    "Concentration O": 49.922619939094396
}