{
    "H2O": 49.92149206793506,
    "H2": 49.91613255208722,
    "O2": 1.0578883028637448e-07,
    "H": 0.014127293361339013,
    "O": 2.441325953156962e-07,
    "OH": 0.0011515699648147212,
    "T": 1900,
    "Concentration H": 199.69047975637758,
    "Concentration O": 49.922619939094396
}