{
    "H2O": 49.919822253718735,
    "H2": 49.90991082770397,
    "O2": 4.929447995569424e-07,
    "H": 0.028218070975017603,
    "O": 1.1519455575245577e-06,
    "OH": 0.0027955475406832575,
    "T": 2000,
    "Concentration H": 199.69047975637758,
    "Concentration O": 49.922619939094396
}