{
    "H2O": 49.91638014599881,
    "H2": 49.89937005786282,
    "O2": 1.981849658149998e-06,
    "H": 0.05275608862774149,
    "O": 4.683494295263762e-06,
    "OH": 0.006231146026818117,
    "T": 2100,
    "Concentration H": 199.69047975637758,
    "Concentration O": 49.922619939094396
}