{
    "H2O": 49.90969257287458,
    "H2": 49.882527093437965,
    "O2": 7.009626055192685e-06,
    "H": 0.0931585425326723,
    "O": 1.6738561569724212e-05,
    "OH": 0.012896608892224033,
    "T": 2200,
    "Concentration H": 199.69047975637758,
    "Concentration O": 49.922619939094396
}