{
    "H2O": 49.89748995347503,
    "H2": 49.85697624284199,
    "O2": 2.2189852710731368e-05,
    "H": 0.15651694397459792,
    "O": 5.348917700045911e-05,
    "OH": 0.025032116847368446,
    "T": 2300,
    "Concentration H": 199.69047975637758,
    "Concentration O": 49.922619939094396
}