{
    "H2O": 49.87641278966329,
    "H2": 49.81998176876454,
    "O2": 6.370626992355203e-05,
    "H": 0.2517663838281686,
    "O": 0.00015493608779535765,
    "OH": 0.04592480086966054,
    "T": 2400,
    "Concentration H": 199.69047975637758,
    "Concentration O": 49.922619939094396
}