{
    "H2O": 49.841702559323934,
    "H2": 49.768620916881694,
    "O2": 0.00016791211702047568,
    "H": 0.38966320694215406,
    "O": 0.00041178890670190595,
    "OH": 0.08016976666678295,
    "T": 2500,
    "Concentration H": 199.69047975637758,
    "Concentration O": 49.922619939094396
}