{
    "H2O": 49.78685709636937,
    "H2": 49.69992462508558,
    "O2": 0.00041021517207874455,
    "H": 0.5829930701260002,
    "O": 0.0010138756563035773,
    "OH": 0.1339285387286936,
    "T": 2600,
    "Concentration H": 199.69047975637758,
    "Concentration O": 49.922619939094396
}