{
    "H2O": 49.70329002267415,
    "H2": 49.61134755540222,
    "O2": 0.000936425437841883,
    "H": 0.8460793835067167,
    "O": 0.002331825013990292,
    "OH": 0.21512524054568477,
    "T": 2700,
    "Concentration H": 199.69047975637758,
    "Concentration O": 49.922619939094396
}