{
    "H2O": 49.58006812880538,
    "H2": 49.50091619082526,
    "O2": 0.0020110094435721957,
    "H": 1.1950397034038982,
    "O": 0.0050458837350678375,
    "OH": 0.3334839207431495,
    "T": 2800,
    "Concentration H": 199.69047975637758,
    "Concentration O": 49.922619939094396
}