{
    "H2O": 49.43640302955993,
    "H2": 49.3515473264208,
    "O2": 0.004095590327877569,
    "H": 1.6469033313750676,
    "O": 0.010346932097706584,
    "OH": 0.4676788194595313,
    "T": 2900,
    "Concentration H": 199.69047975637758,
    "Concentration O": 49.922619939094396
}