{
    "H2O": 49.15646883478239,
    "H2": 49.21296079630958,
    "O2": 0.007896748697706128,
    "H": 2.2214040414258913,
    "O": 0.02014113778020048,
    "OH": 0.730216485803584,
    "T": 3000,
    "Concentration H": 199.69047975637758,
    "Concentration O": 49.922619939094396
}