{
    "H2O": 48.81964929967193,
    "H2": 49.03897856381426,
    "O2": 0.014558062177624053,
    "H": 2.9368657121399337,
    "O": 0.03749618230936551,
    "OH": 1.0363583486787755,
    "T": 3100,
    "Concentration H": 199.69047975637758,
    "Concentration O": 49.922619939094396
}