{
    "H2O": 48.369713106443484,
    "H2": 48.85146799786192,
    "O2": 0.02569420727994934,
    "H": 3.813541992821187,
    "O": 0.06694284749865217,
    "OH": 1.4345755868626247,
    "T": 3200,
    "Concentration H": 199.69047975637758,
    "Concentration O": 49.922619939094396
}