{
    "H2O": 47.781773441414366,
    "H2": 48.658186836127996,
    "O2": 0.043484852721444756,
    "H": 4.871585134070599,
    "O": 0.11490270602965097,
    "OH": 1.9389741054829122,
    "T": 3300,
    "Concentration H": 199.69047975637758,
    "Concentration O": 49.922619939094396
}