{
    "H2O": 47.02890393825321,
    "H2": 48.46868564696262,
    "O2": 0.07069342400531357,
    "H": 6.133071968548556,
    "O": 0.1901005096957273,
    "OH": 2.562228668932647,
    "T": 3400,
    "Concentration H": 199.69047975637758,
    "Concentration O": 49.922619939094396
}