{
    "H2O": 46.08570483644264,
    "H2": 48.29453358937271,
    "O2": 0.11046779731499587,
    "H": 7.617751006681046,
    "O": 0.3037275765671173,
    "OH": 3.3122519678363513,
    "T": 3500,
    "Concentration H": 199.69047975637758,
    "Concentration O": 49.922619939094396
}