{
    "H2O": 44.929787253608865,
    "H2": 48.144988733010734,
    "O2": 0.16602151546262356,
    "H": 9.349404509651498,
    "O": 0.469266337054408,
    "OH": 4.191523369169486,
    "T": 3600,
    "Concentration H": 199.69047975637758,
    "Concentration O": 49.922619939094396
}