{
    "H2O": 43.5449400048654,
    "H2": 48.02919592634644,
    "O2": 0.24014124841042228,
    "H": 11.346941090520193,
    "O": 0.7021305760403956,
    "OH": 5.19526693430907,
    "T": 3700,
    "Concentration H": 199.69047975637758,
    "Concentration O": 49.922619939094396
}