{
    "H2O": 41.925867413496036,
    "H2": 47.94751487933665,
    "O2": 0.33440023896201365,
    "H": 13.634649856490405,
    "O": 1.0188866586280525,
    "OH": 6.309065491649988,
    "T": 3800,
    "Concentration H": 199.69047975637758,
    "Concentration O": 49.922619939094396
}