{
    "H2O": 40.07841487794393,
    "H2": 47.89684537793715,
    "O2": 0.4488553288109987,
    "H": 16.229177911256837,
    "O": 1.4357129749829187,
    "OH": 7.510781574033157,
    "T": 3900,
    "Concentration H": 199.69047975637758,
    "Concentration O": 49.922619939094396
}