{
    "H2O": 38.02144003465947,
    "H2": 47.86389401327958,
    "O2": 0.5812290000422191,
    "H": 19.148283167143685,
    "O": 1.967193291944092,
    "OH": 8.771528821202885,
    "T": 4000,
    "Concentration H": 199.69047975637758,
    "Concentration O": 49.922619939094396
}