{
    "H2O": 35.786544113690596,
    "H2": 47.82797154092953,
    "O2": 0.7273334041948749,
    "H": 22.405149010222175,
    "O": 2.625109433970201,
    "OH": 10.056299887884613,
    "T": 4100,
    "Concentration H": 199.69047975637758,
    "Concentration O": 49.922619939094396
}