{
    "H2O": 33.411718544448625,
    "H2": 47.76482995112304,
    "O2": 0.8817409746315502,
    "H": 26.008294980375187,
    "O": 3.418331486277944,
    "OH": 11.329088411990647,
    "T": 4200,
    "Concentration H": 199.69047975637758,
    "Concentration O": 49.922619939094396
}