{
    "H2O": 30.946016951248144,
    "H2": 47.64451781966462,
    "O2": 1.037595117223959,
    "H": 29.957635600734825,
    "O": 4.349637941020246,
    "OH": 12.551775497978912,
    "T": 4300,
    "Concentration H": 199.69047975637758,
    "Concentration O": 49.922619939094396
}