{
    "H2O": 28.435015102419527,
    "H2": 47.441660644226836,
    "O2": 1.188380659512787,
    "H": 34.24670968783521,
    "O": 5.420424735032654,
    "OH": 13.690419837636034,
    "T": 4400,
    "Concentration H": 199.69047975637758,
    "Concentration O": 49.922619939094396
}