{
    "H2O": 25.924376279304237,
    "H2": 47.131406168076225,
    "O2": 1.327651587335997,
    "H": 38.86069456849111,
    "O": 6.624720014432791,
    "OH": 14.718222121222235,
    "T": 4500,
    "Concentration H": 199.69047975637758,
    "Concentration O": 49.922619939094396
}