{
    "H2O": 23.457221553031985,
    "H2": 46.693709184144296,
    "O2": 1.4506728165079903,
    "H": 43.77978871136772,
    "O": 7.955223120057723,
    "OH": 15.608832254467535,
    "T": 4600,
    "Concentration H": 199.69047975637758,
    "Concentration O": 49.922619939094396
}