{
    "H2O": 21.072400354764238,
    "H2": 46.112655839976355,
    "O2": 1.5533683864733978,
    "H": 48.97448422170756,
    "O": 9.397599895083385,
    "OH": 16.345887139411847,
    "T": 4700,
    "Concentration H": 199.69047975637758,
    "Concentration O": 49.922619939094396
}