{
    "H2O": 18.79863852606611,
    "H2": 45.381029775914655,
    "O2": 1.6331179454778597,
    "H": 54.41332904100285,
    "O": 10.93993227782439,
    "OH": 16.917820108707236,
    "T": 4800,
    "Concentration H": 199.69047975637758,
    "Concentration O": 49.922619939094396
}