{
    "H2O": 16.65893585647747,
    "H2": 44.49925257838089,
    "O2": 1.6890614589240134,
    "H": 60.05133324312777,
    "O": 12.562793692812384,
    "OH": 17.32277873452354,
    "T": 4900,
    "Concentration H": 199.69047975637758,
    "Concentration O": 49.922619939094396
}