{
    "H2O": 14.671542639112454,
    "H2": 43.467835810390035,
    "O2": 1.7216390181522503,
    "H": 65.85296976914353,
    "O": 14.249050887420362,
    "OH": 17.55876692347418,
    "T": 5000,
    "Concentration H": 199.69047975637758,
    "Concentration O": 49.922619939094396
}