{
    "H2O": 12.846187279475789,
    "H2": 42.29698137251172,
    "O2": 1.7317943569735736,
    "H": 71.76970823072578,
    "O": 15.978409723997851,
    "OH": 17.634434221683534,
    "T": 5100,
    "Concentration H": 199.69047975637758,
    "Concentration O": 49.922619939094396
}