{
    "H2O": 11.188213826017973,
    "H2": 41.00139785651479,
    "O2": 1.7211543573409285,
    "H": 77.75095882998129,
    "O": 17.731799837073464,
    "OH": 17.560297561348026,
    "T": 5200,
    "Concentration H": 199.69047975637758,
    "Concentration O": 49.922619939094396
}