{
    "H2O": 9.69650009399321,
    "H2": 39.59400765038892,
    "O2": 1.6927625264424784,
    "H": 83.76013752273734,
    "O": 19.491268047369495,
    "OH": 17.34932674491841,
    "T": 5300,
    "Concentration H": 199.69047975637758,
    "Concentration O": 49.922619939094396
}