{
    "H2O": 8.362604164478157,
    "H2": 38.095339372570464,
    "O2": 1.649312992190671,
    "H": 89.75472151800192,
    "O": 21.24151862604185,
    "OH": 17.019871164381566,
    "T": 5400,
    "Concentration H": 199.69047975637758,
    "Concentration O": 49.922619939094396
}