{
    "H2O": 7.183349193356584,
    "H2": 36.53021087353838,
    "O2": 1.5934019153092722,
    "H": 95.67624273596242,
    "O": 22.965350028733415,
    "OH": 16.587116886871378,
    "T": 5500,
    "Concentration H": 199.69047975637758,
    "Concentration O": 49.922619939094396
}