{
    "H2O": 6.148662279966018,
    "H2": 34.9083345620458,
    "O2": 1.5278033068773342,
    "H": 101.50512423022872,
    "O": 24.646989203897338,
    "OH": 16.07136184269847,
    "T": 5600,
    "Concentration H": 199.69047975637758,
    "Concentration O": 49.922619939094396
}