{
    "H2O": 5.2481619413627945,
    "H2": 33.25745805562243,
    "O2": 1.4553626546966798,
    "H": 107.19300708154636,
    "O": 26.2775000091766,
    "OH": 15.486232682162521,
    "T": 5700,
    "Concentration H": 199.69047975637758,
    "Concentration O": 49.922619939094396
}