{
    "H2O": 4.468147248448598,
    "H2": 31.59641941296352,
    "O2": 1.3783682272167193,
    "H": 112.70848681293036,
    "O": 27.844876619875304,
    "OH": 14.852859623494632,
    "T": 5800,
    "Concentration H": 199.69047975637758,
    "Concentration O": 49.922619939094396
}