{
    "H2O": 3.796278065504639,
    "H2": 29.93989359025031,
    "O2": 1.2990137211383777,
    "H": 118.03416415400548,
    "O": 29.344342150878525,
    "OH": 14.183972297016188,
    "T": 5900,
    "Concentration H": 199.69047975637758,
    "Concentration O": 49.922619939094396
}