{
    "H2O": 29.399123424781873,
    "H2": 3.330191300369236e-08,
    "O2": 14.69955483789013,
    "H": 1.561106641940359e-11,
    "O": 3.1669705950211646e-08,
    "OH": 6.138999784947594e-05,
    "T": 1100,
    "Concentration H": 58.79828073827122,
    "Concentration O": 58.79828073827122
}