{
    "H2O": 29.39902241291585,
    "H2": 3.0716947842932027e-07,
    "O2": 14.699504114743435,
    "H": 3.4650252556860625e-10,
    "O": 3.0445602246448305e-07,
    "OH": 0.0002642851031525725,
    "T": 1200,
    "Concentration H": 58.79828073827122,
    "Concentration O": 58.79828073827122
}