{
    "H2O": 29.398684385292785,
    "H2": 2.014035488459683e-06,
    "O2": 14.699343175671066,
    "H": 4.779511649531311e-09,
    "O": 2.0647056243347122e-06,
    "OH": 0.000907939026230973,
    "T": 1300,
    "Concentration H": 58.79828073827122,
    "Concentration O": 58.79828073827122
}