{
    "H2O": 29.397831721451066,
    "H2": 1.0096166401391685e-05,
    "O2": 14.698916867749327,
    "H": 4.534122836169845e-08,
    "O": 1.0642156756476303e-05,
    "OH": 0.0026122207976423607,
    "T": 1400,
    "Concentration H": 58.79828073827122,
    "Concentration O": 58.79828073827122
}