{
    "H2O": 29.39583947442147,
    "H2": 4.081214730541982e-05,
    "O2": 14.697938285451258,
    "H": 3.187588208133176e-07,
    "O": 4.404367719765728e-05,
    "OH": 0.006521452207557504,
    "T": 1500,
    "Concentration H": 58.79828073827122,
    "Concentration O": 58.79828073827122
}