{
    "H2O": 29.391749011921675,
    "H2": 0.0001384845514235855,
    "O2": 14.695937317866504,
    "H": 1.7563053212160859e-06,
    "O": 0.00015249772710826333,
    "OH": 0.014505196828031832,
    "T": 1600,
    "Concentration H": 58.79828073827122,
    "Concentration O": 58.79828073827122
}