{
    "H2O": 29.38406085578629,
    "H2": 0.0004067346502103401,
    "O2": 14.692211955764463,
    "H": 7.914668286371472e-06,
    "O": 0.00045584449727020413,
    "OH": 0.02934261073846718,
    "T": 1700,
    "Concentration H": 58.79828073827122,
    "Concentration O": 58.79828073827122
}