{
    "H2O": 29.370681453650786,
    "H2": 0.0010591715561177712,
    "O2": 14.68579709950277,
    "H": 3.016399098200816e-05,
    "O": 0.0012055144613117288,
    "OH": 0.054829830359950794,
    "T": 1800,
    "Concentration H": 58.79828073827122,
    "Concentration O": 58.79828073827122
}