{
    "H2O": 29.348686445850255,
    "H2": 0.002491530911803676,
    "O2": 14.675446945058505,
    "H": 9.980944458101762e-05,
    "O": 0.0028754215867350303,
    "OH": 0.09582498613547681,
    "T": 1900,
    "Concentration H": 58.79828073827122,
    "Concentration O": 58.79828073827122
}