{
    "H2O": 29.31452171938339,
    "H2": 0.005374450522408015,
    "O2": 14.65963995471577,
    "H": 0.00029282015020002983,
    "O": 0.006281949800733816,
    "OH": 0.15819874255018598,
    "T": 2000,
    "Concentration H": 58.79828073827122,
    "Concentration O": 58.79828073827122
}