{
    "H2O": 29.26363064145718,
    "H2": 0.010764537799106822,
    "O2": 14.636603366427654,
    "H": 0.0007748591239655696,
    "O": 0.01272784256110839,
    "OH": 0.24871552216167592,
    "T": 2100,
    "Concentration H": 58.79828073827122,
    "Concentration O": 58.79828073827122
}