{
    "H2O": 29.190634513949856,
    "H2": 0.020212166427350853,
    "O2": 14.604385707063042,
    "H": 0.0018752315213875763,
    "O": 0.024160858184406914,
    "OH": 0.3747157612829128,
    "T": 2200,
    "Concentration H": 58.79828073827122,
    "Concentration O": 58.79828073827122
}