{
    "H2O": 29.08917055651015,
    "H2": 0.03588076246240459,
    "O2": 14.56090074975992,
    "H": 0.004198839009799833,
    "O": 0.0433294151250281,
    "OH": 0.5439792729285935,
    "T": 2300,
    "Concentration H": 58.79828073827122,
    "Concentration O": 58.79828073827122
}