{
    "H2O": 28.95200991877381,
    "H2": 0.060608537955146057,
    "O2": 14.50403058721949,
    "H": 0.008781381877930091,
    "O": 0.07392747114488957,
    "OH": 0.7643031832981034,
    "T": 2400,
    "Concentration H": 58.79828073827122,
    "Concentration O": 58.79828073827122
}