{
    "H2O": 28.771040885327377,
    "H2": 0.09799391290707594,
    "O2": 14.43179867456676,
    "H": 0.01729064311341066,
    "O": 0.12072406628979789,
    "OH": 1.0429213983299734,
    "T": 2500,
    "Concentration H": 58.79828073827122,
    "Concentration O": 58.79828073827122
}