{
    "H2O": 28.537389660493627,
    "H2": 0.1523527097072073,
    "O2": 14.342401677056168,
    "H": 0.03227829741141041,
    "O": 0.18957880294894736,
    "OH": 1.3865177633275192,
    "T": 2600,
    "Concentration H": 58.79828073827122,
    "Concentration O": 58.79828073827122
}