{
    "H2O": 28.241499454040724,
    "H2": 0.22863938564713787,
    "O2": 14.234374563629231,
    "H": 0.05743757861262794,
    "O": 0.28749384433073283,
    "OH": 1.8005657004458047,
    "T": 2700,
    "Concentration H": 58.79828073827122,
    "Concentration O": 58.79828073827122
}