{
    "H2O": 27.873738374042514,
    "H2": 0.3322724301531731,
    "O2": 14.106788956587934,
    "H": 0.09790905742482779,
    "O": 0.42261437869373447,
    "OH": 2.2883500724562214,
    "T": 2800,
    "Concentration H": 58.79828073827122,
    "Concentration O": 58.79828073827122
}