{
    "H2O": 27.5150362183299,
    "H2": 0.4697209964169356,
    "O2": 14.00504660874709,
    "H": 0.16067107814504403,
    "O": 0.6050560723918917,
    "OH": 2.668095230641096,
    "T": 2900,
    "Concentration H": 58.79828073827122,
    "Concentration O": 58.79828073827122
}