{
    "H2O": 26.882625579395217,
    "H2": 0.6440041174329232,
    "O2": 13.791516679347723,
    "H": 0.2541160713734213,
    "O": 0.841716530012187,
    "OH": 3.490905273303629,
    "T": 3000,
    "Concentration H": 58.79828073827122,
    "Concentration O": 58.79828073827122
}