{
    "H2O": 26.241640385288772,
    "H2": 0.8622739194201869,
    "O2": 13.604686824085883,
    "H": 0.389435919758222,
    "O": 1.1462505091293922,
    "OH": 4.201016209450359,
    "T": 3100,
    "Concentration H": 58.79828073827122,
    "Concentration O": 58.79828073827122
}