{
    "H2O": 25.493505095117538,
    "H2": 1.1274736094572595,
    "O2": 13.399536280187888,
    "H": 0.5793525410779542,
    "O": 1.5287323449180024,
    "OH": 4.976970789755005,
    "T": 3200,
    "Concentration H": 58.79828073827122,
    "Concentration O": 58.79828073827122
}