{
    "H2O": 24.63447033312113,
    "H2": 1.4410894407314707,
    "O2": 13.177405281195888,
    "H": 0.8383740045643031,
    "O": 2.0002128203669507,
    "OH": 5.808787193066235,
    "T": 3300,
    "Concentration H": 58.79828073827122,
    "Concentration O": 58.79828073827122
}