{
    "H2O": 23.662690864678126,
    "H2": 1.8025761627295076,
    "O2": 12.93936015586705,
    "H": 1.1827535257500652,
    "O": 2.571876874332605,
    "OH": 6.684993182994009,
    "T": 3400,
    "Concentration H": 58.79828073827122,
    "Concentration O": 58.79828073827122
}