{
    "H2O": 22.581500832442586,
    "H2": 2.20820837269065,
    "O2": 12.685999220740655,
    "H": 1.6289127072195457,
    "O": 3.254833055116078,
    "OH": 7.589949700597769,
    "T": 3500,
    "Concentration H": 58.79828073827122,
    "Concentration O": 58.79828073827122
}