{
    "H2O": 21.397640756195656,
    "H2": 2.651201481121329,
    "O2": 12.417785241274805,
    "H": 2.193965390915255,
    "O": 4.058441465206175,
    "OH": 8.506631097884853,
    "T": 3600,
    "Concentration H": 58.79828073827122,
    "Concentration O": 58.79828073827122
}