{
    "H2O": 20.122335619335473,
    "H2": 3.1222636209475345,
    "O2": 12.134437296306874,
    "H": 2.8930832214688316,
    "O": 4.991077629470207,
    "OH": 9.41599961272266,
    "T": 3700,
    "Concentration H": 58.79828073827122,
    "Concentration O": 58.79828073827122
}