{
    "H2O": 18.77181669910551,
    "H2": 3.608716188790841,
    "O2": 11.834279578439148,
    "H": 3.7405658293137853,
    "O": 6.061268163530422,
    "OH": 10.29665048916579,
    "T": 3800,
    "Concentration H": 58.79828073827122,
    "Concentration O": 58.79828073827122
}