{
    "H2O": 17.365356928068618,
    "H2": 4.0970196845274405,
    "O2": 11.516763818141929,
    "H": 4.7465394112906285,
    "O": 7.2724318939973625,
    "OH": 11.126991075925185,
    "T": 3900,
    "Concentration H": 58.79828073827122,
    "Concentration O": 58.79828073827122
}