{
    "H2O": 15.9250433006617,
    "H2": 4.571239710626634,
    "O2": 11.178910022996318,
    "H": 5.917562112023553,
    "O": 8.627264787972312,
    "OH": 11.888152603674854,
    "T": 4000,
    "Concentration H": 58.79828073827122,
    "Concentration O": 58.79828073827122
}