{
    "H2O": 14.475087768017145,
    "H2": 5.015963275610699,
    "O2": 10.819112870024032,
    "H": 7.255778721308055,
    "O": 10.124567300580553,
    "OH": 12.560399929720216,
    "T": 4100,
    "Concentration H": 58.79828073827122,
    "Concentration O": 58.79828073827122
}