{
    "H2O": 13.03827855752279,
    "H2": 5.417813456170655,
    "O2": 10.436437626132838,
    "H": 8.759307807243443,
    "O": 11.76033802508346,
    "OH": 13.126788903681962,
    "T": 4200,
    "Concentration H": 58.79828073827122,
    "Concentration O": 58.79828073827122
}