{
    "H2O": 11.639268536987611,
    "H2": 5.7634326490136925,
    "O2": 10.030745344810663,
    "H": 10.419375194303258,
    "O": 13.524018340382803,
    "OH": 13.573503172090682,
    "T": 4300,
    "Concentration H": 58.79828073827122,
    "Concentration O": 58.79828073827122
}