{
    "H2O": 10.297671912767795,
    "H2": 6.044381472519512,
    "O2": 9.601581761562215,
    "H": 12.22404229156085,
    "O": 15.407313628130705,
    "OH": 13.890131676499626,
    "T": 4400,
    "Concentration H": 58.79828073827122,
    "Concentration O": 58.79828073827122
}