{
    "H2O": 9.030423903154285,
    "H2": 6.2535947048840335,
    "O2": 9.150505633404746,
    "H": 14.155337405638976,
    "O": 17.391939456810366,
    "OH": 14.074906117568961,
    "T": 4500,
    "Concentration H": 58.79828073827122,
    "Concentration O": 58.79828073827122
}