{
    "H2O": 7.851333995525575,
    "H2": 6.388819261904044,
    "O2": 8.681180427812997,
    "H": 16.194023878035253,
    "O": 19.46063555495907,
    "OH": 14.123950348091443,
    "T": 4600,
    "Concentration H": 58.79828073827122,
    "Concentration O": 58.79828073827122
}