{
    "H2O": 6.770490322208805,
    "H2": 6.449316656655338,
    "O2": 8.1978422653495,
    "H": 18.315410353822806,
    "O": 21.58884949232816,
    "OH": 14.04325643372531,
    "T": 4700,
    "Concentration H": 58.79828073827122,
    "Concentration O": 58.79828073827122
}