{
    "H2O": 5.792603764957851,
    "H2": 6.438683970303839,
    "O2": 7.703123775381017,
    "H": 20.495885131300437,
    "O": 23.759609369513715,
    "OH": 13.839820153807217,
    "T": 4800,
    "Concentration H": 58.79828073827122,
    "Concentration O": 58.79828073827122
}