{
    "H2O": 4.919126478845605,
    "H2": 6.362648894923206,
    "O2": 7.203713539241124,
    "H": 22.70728835255553,
    "O": 25.944285743890592,
    "OH": 13.527441679631524,
    "T": 4900,
    "Concentration H": 58.79828073827122,
    "Concentration O": 58.79828073827122
}