{
    "H2O": 4.148765231281066,
    "H2": 6.228213494234533,
    "O2": 6.705594846102302,
    "H": 24.927177241920397,
    "O": 28.12118023943437,
    "OH": 13.117146140319324,
    "T": 5000,
    "Concentration H": 58.79828073827122,
    "Concentration O": 58.79828073827122
}