{
    "H2O": 3.477047279303032,
    "H2": 6.043856108832826,
    "O2": 6.213832320056876,
    "H": 27.129610070765217,
    "O": 30.266705989706338,
    "OH": 12.626864099983653,
    "T": 5100,
    "Concentration H": 58.79828073827122,
    "Concentration O": 58.79828073827122
}