{
    "H2O": 2.8979256211335325,
    "H2": 5.819047105489901,
    "O2": 5.732794246935439,
    "H": 29.290875861701302,
    "O": 32.36130952446303,
    "OH": 12.073459864177321,
    "T": 5200,
    "Concentration H": 58.79828073827122,
    "Concentration O": 58.79828073827122
}