{
    "H2O": 2.403233831226395,
    "H2": 5.5624753192244665,
    "O2": 5.268425143080476,
    "H": 31.394726132588694,
    "O": 34.386065234316796,
    "OH": 11.472137198494044,
    "T": 5300,
    "Concentration H": 58.79828073827122,
    "Concentration O": 58.79828073827122
}