{
    "H2O": 1.9834443663371415,
    "H2": 5.283269605375836,
    "O2": 4.823898856260715,
    "H": 33.425103983944034,
    "O": 36.327299901442885,
    "OH": 10.83975055016611,
    "T": 5400,
    "Concentration H": 58.79828073827122,
    "Concentration O": 58.79828073827122
}