{
    "H2O": 1.631212262181064,
    "H2": 4.990716200328552,
    "O2": 4.402211891114955,
    "H": 35.363843458572696,
    "O": 38.17208418901603,
    "OH": 10.1905836064219,
    "T": 5500,
    "Concentration H": 58.79828073827122,
    "Concentration O": 58.79828073827122
}