{
    "H2O": 1.3375954403764374,
    "H2": 4.689792487945452,
    "O2": 4.005961134187496,
    "H": 37.20490634110285,
    "O": 39.91016448901065,
    "OH": 9.53859854052708,
    "T": 5600,
    "Concentration H": 58.79828073827122,
    "Concentration O": 58.79828073827122
}