{
    "H2O": 1.0947270389797599,
    "H2": 4.38861340456418,
    "O2": 3.6365696924880133,
    "H": 38.939071445480394,
    "O": 41.53788590866458,
    "OH": 8.892528405710557,
    "T": 5700,
    "Concentration H": 58.79828073827122,
    "Concentration O": 58.79828073827122
}