{
    "H2O": 0.8946604368325418,
    "H2": 4.092037567722919,
    "O2": 3.2947561765159663,
    "H": 40.560891338992974,
    "O": 43.05011455840484,
    "OH": 8.263993390189949,
    "T": 5800,
    "Concentration H": 58.79828073827122,
    "Concentration O": 58.79828073827122
}