{
    "H2O": 0.7305616121017788,
    "H2": 3.8037640791151937,
    "O2": 2.9804700544936584,
    "H": 42.0716349159126,
    "O": 44.448784577752015,
    "OH": 7.657994439987535,
    "T": 5900,
    "Concentration H": 58.79828073827122,
    "Concentration O": 58.79828073827122
}