{
    "H2O": 55.41473308096165,
    "H2": 0.8396171404858139,
    "O2": 8.216023694008162e-14,
    "H": 7.838602262142109e-08,
    "O": 2.3676787761756363e-15,
    "OH": 2.304530314408894e-08,
    "T": 1100,
    "Concentration H": 112.50870053290502,
    "Concentration O": 55.41473309829651
}