{
    "H2O": 55.414732803147885,
    "H2": 0.8396170323888936,
    "O2": 6.990062082586748e-12,
    "H": 5.728725254525178e-07,
    "O": 2.0994896774990872e-13,
    "OH": 3.0130993267841437e-07,
    "T": 1200,
    "Concentration H": 112.50870053290502,
    "Concentration O": 55.41473309829651
}