{
    "H2O": 55.41473131587787,
    "H2": 0.8396169510938885,
    "O2": 3.0051381569057925e-10,
    "H": 3.0859619300577477e-06,
    "O": 9.33558199306433e-12,
    "OH": 2.6506170080300747e-06,
    "T": 1300,
    "Concentration H": 112.50870053290502,
    "Concentration O": 55.41473309829651
}