{
    "H2O": 55.41471600810728,
    "H2": 0.8396192073805644,
    "O2": 7.551847786144991e-09,
    "H": 1.3075437051811057e-05,
    "O": 2.4122015864665855e-10,
    "OH": 1.7074844706533632e-05,
    "T": 1400,
    "Concentration H": 112.50870053290502,
    "Concentration O": 55.41473309829651
}