{
    "H2O": 55.41464713738696,
    "H2": 0.8396374789815078,
    "O2": 1.2340395780489514e-07,
    "H": 4.572075535764954e-05,
    "O": 4.035709577832711e-09,
    "OH": 8.571006721539257e-05,
    "T": 1500,
    "Concentration H": 112.50870053290502,
    "Concentration O": 55.41473309829651
}