{
    "H2O": 55.41437901124952,
    "H2": 0.839727283833992,
    "O2": 1.4207494628387448e-06,
    "H": 0.0001367629578485381,
    "O": 4.741584293346183e-08,
    "OH": 0.0003511981333595562,
    "T": 1600,
    "Concentration H": 112.50870053290502,
    "Concentration O": 55.41473309829651
}