{
    "H2O": 55.413490598313864,
    "H2": 0.840071355780357,
    "O2": 1.2248546698001165e-05,
    "H": 0.0003596956784743307,
    "O": 4.1621277417863835e-07,
    "OH": 0.0012175868336575964,
    "T": 1700,
    "Concentration H": 112.50870053290502,
    "Concentration O": 55.41473309829651
}