{
    "H2O": 55.41089393249655,
    "H2": 0.8411960864994977,
    "O2": 8.287011133408535e-05,
    "H": 0.0008500691773424199,
    "O": 2.8636677186323467e-06,
    "OH": 0.0036705620374732914,
    "T": 1800,
    "Concentration H": 112.50870053290502,
    "Concentration O": 55.41473309829651
}