{
    "H2O": 55.403981206907794,
    "H2": 0.8445375150442416,
    "O2": 0.0004551878003447383,
    "H": 0.0018375872632454063,
    "O": 1.6014049529437026e-05,
    "OH": 0.009825501738717574,
    "T": 1900,
    "Concentration H": 112.50870053290502,
    "Concentration O": 55.41473309829651
}