{
    "H2O": 55.38679778740448,
    "H2": 0.8538502076906003,
    "O2": 0.002073361135686852,
    "H": 0.00369083617589036,
    "O": 7.47085463919495e-05,
    "OH": 0.02371388238831453,
    "T": 2000,
    "Concentration H": 112.50870053290502,
    "Concentration O": 55.41473309829651
}