{
    "H2O": 55.346625028328454,
    "H2": 0.8781859294480943,
    "O2": 0.007866544482723883,
    "H": 0.006998714778418231,
    "O": 0.00029507107841251736,
    "OH": 0.05207991696327413,
    "T": 2100,
    "Concentration H": 112.50870053290502,
    "Concentration O": 55.41473309829651
}