{
    "H2O": 55.26057170410089,
    "H2": 0.9352593261602147,
    "O2": 0.024444919250663503,
    "H": 0.01275599926642464,
    "O": 0.0009884734584420657,
    "OH": 0.10428316609030136,
    "T": 2200,
    "Concentration H": 112.50870053290502,
    "Concentration O": 55.41473309829651
}