{
    "H2O": 55.09901962642275,
    "H2": 1.0486851483039301,
    "O2": 0.06115703192739678,
    "H": 0.02269974353827084,
    "O": 0.0028080957100870643,
    "OH": 0.1905913378559239,
    "T": 2300,
    "Concentration H": 112.50870053290502,
    "Concentration O": 55.41473309829651
}