{
    "H2O": 54.8374904628338,
    "H2": 1.2367922179324145,
    "O2": 0.12495698578049313,
    "H": 0.039668367856237646,
    "O": 0.006861858644109166,
    "OH": 0.3204668070460066,
    "T": 2400,
    "Concentration H": 112.50870053290502,
    "Concentration O": 55.41473309829651
}