{
    "H2O": 54.46032836028556,
    "H2": 1.5085255890905624,
    "O2": 0.21820397626233934,
    "H": 0.06784032782358249,
    "O": 0.01484447882067589,
    "OH": 0.5031523073089798,
    "T": 2500,
    "Concentration H": 112.50870053290502,
    "Concentration O": 55.41473309829651
}