{
    "H2O": 53.95514466079555,
    "H2": 1.8684006316389257,
    "O2": 0.3408940869362198,
    "H": 0.11303697587346333,
    "O": 0.02922729143632354,
    "OH": 0.7485729723110771,
    "T": 2600,
    "Concentration H": 112.50870053290502,
    "Concentration O": 55.41473309829651
}