{
    "H2O": 53.30924219421898,
    "H2": 2.320152026651771,
    "O2": 0.49253501245967884,
    "H": 0.18296955096079195,
    "O": 0.053478338954362936,
    "OH": 1.0669425402179975,
    "T": 2700,
    "Concentration H": 112.50870053290502,
    "Concentration O": 55.41473309829651
}