{
    "H2O": 52.50986489575742,
    "H2": 2.8668837439668717,
    "O2": 0.6724933336392976,
    "H": 0.2875946195145204,
    "O": 0.09227290131856462,
    "OH": 1.4676086339434486,
    "T": 2800,
    "Concentration H": 112.50870053290502,
    "Concentration O": 55.41473309829651
}