{
    "H2O": 51.63163601281353,
    "H2": 3.4848349578394178,
    "O2": 0.8959662926939218,
    "H": 0.43763175622582956,
    "O": 0.1530379643747076,
    "OH": 1.838129070248229,
    "T": 2900,
    "Concentration H": 112.50870053290502,
    "Concentration O": 55.41473309829651
}