{
    "H2O": 50.40297678132043,
    "H2": 4.2511833272302235,
    "O2": 1.1125989760222037,
    "H": 0.6528940750246153,
    "O": 0.23907225039210492,
    "OH": 2.5474869775097706,
    "T": 3000,
    "Concentration H": 112.50870053290502,
    "Concentration O": 55.41473309829651
}