{
    "H2O": 49.07885954389126,
    "H2": 5.084897240324298,
    "O2": 1.3684270608541613,
    "H": 0.9457023570620136,
    "O": 0.36353488644371074,
    "OH": 3.235484881687309,
    "T": 3100,
    "Concentration H": 112.50870053290502,
    "Concentration O": 55.41473309829651
}