{
    "H2O": 47.56789127324485,
    "H2": 6.006115909608986,
    "O2": 1.6439318818939948,
    "H": 1.337169857453699,
    "O": 0.5354617821096359,
    "OH": 4.023516423737851,
    "T": 3200,
    "Concentration H": 112.50870053290502,
    "Concentration O": 55.41473309829651
}