{
    "H2O": 45.87299992278933,
    "H2": 7.003961304888342,
    "O2": 1.9344260225236813,
    "H": 1.8482648520146443,
    "O": 0.7663679215834657,
    "OH": 4.906513279251694,
    "T": 3300,
    "Concentration H": 112.50870053290502,
    "Concentration O": 55.41473309829651
}