{
    "H2O": 43.99982547298431,
    "H2": 8.065324775677176,
    "O2": 2.234755298085533,
    "H": 2.5018333050763193,
    "O": 1.0688303087275781,
    "OH": 5.876566759308047,
    "T": 3400,
    "Concentration H": 112.50870053290502,
    "Concentration O": 55.41473309829651
}