{
    "H2O": 41.96154086711551,
    "H2": 9.172845656187143,
    "O2": 2.5385975799296463,
    "H": 3.3199368905658586,
    "O": 1.4560064825029957,
    "OH": 6.919990613433101,
    "T": 3500,
    "Concentration H": 112.50870053290502,
    "Concentration O": 55.41473309829651
}