{
    "H2O": 39.77525473603498,
    "H2": 10.306218682729694,
    "O2": 2.839390082633846,
    "H": 4.3257167900555915,
    "O": 1.9406612970589858,
    "OH": 8.02003691777473,
    "T": 3600,
    "Concentration H": 112.50870053290502,
    "Concentration O": 55.41473309829651
}