{
    "H2O": 37.462375710499074,
    "H2": 11.444359899159357,
    "O2": 3.130470527446917,
    "H": 5.538879226656419,
    "O": 2.535066250740184,
    "OH": 9.156350096941422,
    "T": 3700,
    "Concentration H": 112.50870053290502,
    "Concentration O": 55.41473309829651
}