{
    "H2O": 35.050182594238485,
    "H2": 12.562471970345667,
    "O2": 3.404591645981034,
    "H": 6.979085054625536,
    "O": 3.2510608677584196,
    "OH": 10.304306358228386,
    "T": 3800,
    "Concentration H": 112.50870053290502,
    "Concentration O": 55.41473309829651
}