{
    "H2O": 32.56773422431313,
    "H2": 13.637726533536217,
    "O2": 3.655865995367982,
    "H": 8.659923484254412,
    "O": 4.097411355674114,
    "OH": 11.437855542309649,
    "T": 3900,
    "Concentration H": 112.50870053290502,
    "Concentration O": 55.41473309829651
}