{
    "H2O": 30.047417709390874,
    "H2": 14.645131326528883,
    "O2": 3.8773408117716626,
    "H": 10.59186562516387,
    "O": 5.080896936198896,
    "OH": 12.53173684658793,
    "T": 4000,
    "Concentration H": 112.50870053290502,
    "Concentration O": 55.41473309829651
}