{
    "H2O": 27.523042855342737,
    "H2": 15.5617461187028,
    "O2": 4.063817326591976,
    "H": 12.780151980027416,
    "O": 6.205084994284483,
    "OH": 13.55897061823913,
    "T": 4100,
    "Concentration H": 112.50870053290502,
    "Concentration O": 55.41473309829651
}