{
    "H2O": 25.02517365757788,
    "H2": 16.36900642921291,
    "O2": 4.211816362258081,
    "H": 15.225407455607073,
    "O": 7.470993826452525,
    "OH": 14.494932922136146,
    "T": 4200,
    "Concentration H": 112.50870053290502,
    "Concentration O": 55.41473309829651
}