{
    "H2O": 22.588541945895113,
    "H2": 17.04759906570232,
    "O2": 4.318115208346173,
    "H": 17.91978014968922,
    "O": 8.87332239825217,
    "OH": 15.31663838715771,
    "T": 4300,
    "Concentration H": 112.50870053290502,
    "Concentration O": 55.41473309829651
}