{
    "H2O": 20.23957566173605,
    "H2": 17.58673079410273,
    "O2": 4.38127979098328,
    "H": 20.851219917025528,
    "O": 10.407730189033137,
    "OH": 16.004867746573876,
    "T": 4400,
    "Concentration H": 112.50870053290502,
    "Concentration O": 55.41473309829651
}