{
    "H2O": 18.002657762779428,
    "H2": 17.976959508832234,
    "O2": 4.4007738473212425,
    "H": 24.000123700430365,
    "O": 12.06118542099384,
    "OH": 16.54934235861528,
    "T": 4500,
    "Concentration H": 112.50870053290502,
    "Concentration O": 55.41473309829651
}