{
    "H2O": 15.898213660320229,
    "H2": 18.215293165873387,
    "O2": 4.3788231918235345,
    "H": 27.34403220560706,
    "O": 13.821218508460607,
    "OH": 16.93765479253986,
    "T": 4600,
    "Concentration H": 112.50870053290502,
    "Concentration O": 55.41473309829651
}