{
    "H2O": 13.943021148887865,
    "H2": 18.300789635983634,
    "O2": 4.317783186954856,
    "H": 30.852809481200126,
    "O": 15.667876339909268,
    "OH": 17.168269686693588,
    "T": 4700,
    "Concentration H": 112.50870053290502,
    "Concentration O": 55.41473309829651
}