{
    "H2O": 12.145881543095273,
    "H2": 18.23944567548346,
    "O2": 4.220347986083722,
    "H": 34.496413223237504,
    "O": 17.586523187327852,
    "OH": 17.24163323371137,
    "T": 4800,
    "Concentration H": 112.50870053290502,
    "Concentration O": 55.41473309829651
}