{
    "H2O": 10.511785778397618,
    "H2": 18.040932582223885,
    "O2": 4.091583415849634,
    "H": 38.23629357892776,
    "O": 19.5528111865846,
    "OH": 17.166970875755126,
    "T": 4900,
    "Concentration H": 112.50870053290502,
    "Concentration O": 55.41473309829651
}