{
    "H2O": 9.042318117723049,
    "H2": 17.715927201497518,
    "O2": 3.936936065439454,
    "H": 42.04102535219818,
    "O": 21.547360124123646,
    "OH": 16.951185685741052,
    "T": 5000,
    "Concentration H": 112.50870053290502,
    "Concentration O": 55.41473309829651
}