{
    "H2O": 7.733975671688471,
    "H2": 17.27912087510809,
    "O2": 3.761221306685529,
    "H": 45.87196191605219,
    "O": 23.547772808402755,
    "OH": 16.61054754163831,
    "T": 5100,
    "Concentration H": 112.50870053290502,
    "Concentration O": 55.41473309829651
}