{
    "H2O": 6.580805169277629,
    "H2": 16.747313437177507,
    "O2": 3.569138500904491,
    "H": 49.69114409031849,
    "O": 25.53433844358039,
    "OH": 16.161322757099597,
    "T": 5200,
    "Concentration H": 112.50870053290502,
    "Concentration O": 55.41473309829651
}