{
    "H2O": 5.572996262871168,
    "H2": 16.135910345233736,
    "O2": 3.3667859712383046,
    "H": 53.47113300185825,
    "O": 27.48842332140652,
    "OH": 15.619760387404199,
    "T": 5300,
    "Concentration H": 112.50870053290502,
    "Concentration O": 55.41473309829651
}