{
    "H2O": 4.697280495335241,
    "H2": 15.462846225497797,
    "O2": 3.158477651561469,
    "H": 57.18288976053016,
    "O": 29.394963602752743,
    "OH": 15.005567591895328,
    "T": 5400,
    "Concentration H": 112.50870053290502,
    "Concentration O": 55.41473309829651
}