{
    "H2O": 3.9445395147212348,
    "H2": 14.747108131564042,
    "O2": 2.9481842967682073,
    "H": 60.78990360224376,
    "O": 31.23832335197305,
    "OH": 14.335501638100746,
    "T": 5500,
    "Concentration H": 112.50870053290502,
    "Concentration O": 55.41473309829651
}