{
    "H2O": 3.3018514630743754,
    "H2": 13.998779423122238,
    "O2": 2.73967564463709,
    "H": 64.2789076066387,
    "O": 33.00499919215163,
    "OH": 13.628531153901257,
    "T": 5600,
    "Concentration H": 112.50870053290502,
    "Concentration O": 55.41473309829651
}