{
    "H2O": 2.7572994590348645,
    "H2": 13.236292309966407,
    "O2": 2.536121452755701,
    "H": 67.62466132447227,
    "O": 34.68833506354637,
    "OH": 12.896855670505253,
    "T": 5700,
    "Concentration H": 112.50870053290502,
    "Concentration O": 55.41473309829651
}