{
    "H2O": 2.29788904859909,
    "H2": 12.471791965857948,
    "O2": 2.339841473332409,
    "H": 70.81122591170475,
    "O": 36.279048511383664,
    "OH": 12.158112592478592,
    "T": 5800,
    "Concentration H": 112.50870053290502,
    "Concentration O": 55.41473309829651
}