{
    "H2O": 1.9121863497491214,
    "H2": 11.714840073557278,
    "O2": 2.1527118976053052,
    "H": 73.83304584541426,
    "O": 37.77552111417688,
    "OH": 11.421601841350439,
    "T": 5900,
    "Concentration H": 112.50870053290502,
    "Concentration O": 55.41473309829651
}